Ejecucion,Generacion,Mejor Aptitud
1,0,0.8713814622865625
1,1,0.8671899082454245
1,2,0.8667834909523495
1,3,0.8667834909523495
1,4,0.8667834909523495
1,5,0.8607269731328594
1,6,0.8607269731328594
1,7,0.8607269731328594
1,8,0.8586893362347544
1,9,0.849030996940756
1,10,0.849030996940756
1,11,0.849030996940756
1,12,0.849030996940756
1,13,0.849030996940756
1,14,0.846845232234159
1,15,0.846845232234159
1,16,0.846845232234159
1,17,0.844032827827966
1,18,0.844032827827966
1,19,0.844032827827966
1,20,0.844032827827966
1,21,0.8399692593693239
1,22,0.8399692593693239
1,23,0.8399692593693239
1,24,0.8399692593693239
1,25,0.8355135524957714
1,26,0.8281675872237427
1,27,0.8281675872237427
1,28,0.8228570100702606
1,29,0.8228570100702606
1,30,0.8228570100702606
1,31,0.8225037176086905
1,32,0.8174714341023422
1,33,0.8174714341023422
1,34,0.8131166479070503
1,35,0.8066797234125681
1,36,0.8066797234125681
1,37,0.8066797234125681
1,38,0.8066797234125681
1,39,0.8051799222754558
1,40,0.8036294253470536
1,41,0.8036294253470536
1,42,0.8031541318604151
1,43,0.8010791197537919
1,44,0.7994328087116075
1,45,0.792408923568694
1,46,0.7889953461928907
1,47,0.7840422631662955
1,48,0.7840422631662955
1,49,0.7840422631662955
1,50,0.7840422631662955
1,51,0.7840422631662955
1,52,0.7840422631662955
1,53,0.7812713426220339
1,54,0.7795606932744957
1,55,0.7789412547204632
1,56,0.7746645194759512
1,57,0.7745155789059267
1,58,0.7745155789059267
1,59,0.7745155789059267
1,60,0.7684146234010093
1,61,0.7684146234010093
1,62,0.7684146234010093
1,63,0.7645059001493542
1,64,0.75646719156037
1,65,0.75646719156037
1,66,0.7504022095636289
1,67,0.7504022095636289
1,68,0.7504022095636289
1,69,0.7481759683000064
1,70,0.7481759683000064
1,71,0.7476764889407557
1,72,0.742130494750673
1,73,0.742130494750673
1,74,0.7360496644934947
1,75,0.7360496644934947
1,76,0.7325065680402908
1,77,0.7309469704332076
1,78,0.7306221719391364
1,79,0.7306221719391364
1,80,0.7306221719391364
1,81,0.7259687801863655
1,82,0.7259687801863655
1,83,0.7259687801863655
1,84,0.7223579344267238
1,85,0.7223579344267238
1,86,0.7165362413632461
1,87,0.7165362413632461
1,88,0.7146355580767282
1,89,0.7143822422754833
1,90,0.712676450102985
1,91,0.7111344329767172
1,92,0.7098835899873362
1,93,0.7098835899873362
1,94,0.7098835899873362
1,95,0.7065497524077808
1,96,0.7056775673593643
1,97,0.7056775673593643
1,98,0.7043273342741615
1,99,0.703053379685879
1,100,0.703053379685879
2,0,0.8677053723237482
2,1,0.8677053723237482
2,2,0.8677053723237482
2,3,0.8654147456820396
2,4,0.8643660888751032
2,5,0.8556354485968664
2,6,0.8556354485968664
2,7,0.8556354485968664
2,8,0.8528125680081918
2,9,0.851387205585661
2,10,0.8448667623867769
2,11,0.8448667623867769
2,12,0.8448667623867769
2,13,0.8448667623867769
2,14,0.841796965683132
2,15,0.841796965683132
2,16,0.841796965683132
2,17,0.841796965683132
2,18,0.8410932346648652
2,19,0.8410932346648652
2,20,0.8410932346648652
2,21,0.8351116587807107
2,22,0.8340096295642205
2,23,0.8301952112230577
2,24,0.8276747121549544
2,25,0.8254538951333058
2,26,0.8245386948851698
2,27,0.8245386948851698
2,28,0.8245386948851698
2,29,0.8166933918005034
2,30,0.8155268586263806
2,31,0.8155268586263806
2,32,0.8155268586263806
2,33,0.8126903950293183
2,34,0.8126903950293183
2,35,0.8125261183012554
2,36,0.8064411500378755
2,37,0.8056486532377363
2,38,0.8042244499445369
2,39,0.8018958118244204
2,40,0.7935343910259741
2,41,0.7892108866861418
2,42,0.7892108866861418
2,43,0.7892108866861418
2,44,0.7891455347882371
2,45,0.7872222240964483
2,46,0.7856072989406937
2,47,0.7822395693996285
2,48,0.7725288937099132
2,49,0.7723771231864511
2,50,0.7632270413077333
2,51,0.7620988487713789
2,52,0.7541458796682301
2,53,0.7541458796682301
2,54,0.7541458796682301
2,55,0.7541458796682301
2,56,0.7522968675072002
2,57,0.751285050745896
2,58,0.74938388890871
2,59,0.7466631559171829
2,60,0.7466631559171829
2,61,0.7452157479279271
2,62,0.7452157479279271
2,63,0.7445034805614855
2,64,0.7417621587920591
2,65,0.7382713263226055
2,66,0.7357645720367507
2,67,0.7357645720367507
2,68,0.7357645720367507
2,69,0.7348022748800092
2,70,0.7315628912206446
2,71,0.7315628912206446
2,72,0.7259060837209356
2,73,0.7259060837209356
2,74,0.7244960819887775
2,75,0.7209823362872009
2,76,0.7209823362872009
2,77,0.7209823362872009
2,78,0.7206977200269957
2,79,0.7146335668631926
2,80,0.7146335668631926
2,81,0.7146335668631926
2,82,0.7146335668631926
2,83,0.7146335668631926
2,84,0.7146335668631926
2,85,0.7146335668631926
2,86,0.708115536851109
2,87,0.708115536851109
2,88,0.708115536851109
2,89,0.708115536851109
2,90,0.708115536851109
2,91,0.7059704289846032
2,92,0.7059704289846032
2,93,0.7059704289846032
2,94,0.7057713463704983
2,95,0.70306446845285
2,96,0.70306446845285
2,97,0.7019578326399455
2,98,0.7019578326399455
2,99,0.6895255279906318
2,100,0.6878017571821015
3,0,0.8738418900707279
3,1,0.8738418900707279
3,2,0.8715879160760294
3,3,0.8654564144254718
3,4,0.8654564144254718
3,5,0.8620145132227557
3,6,0.8616800106030289
3,7,0.8616800106030289
3,8,0.8600144107551693
3,9,0.8600144107551693
3,10,0.8584085919104621
3,11,0.8575413984351352
3,12,0.8528880999475238
3,13,0.8528880999475238
3,14,0.8508511212804031
3,15,0.8508511212804031
3,16,0.8485908434163377
3,17,0.84831812553885
3,18,0.8473386598371057
3,19,0.8419702432540893
3,20,0.8414982724626711
3,21,0.8414982724626711
3,22,0.8397816405998874
3,23,0.8323378258008287
3,24,0.8318027862699283
3,25,0.8318027862699283
3,26,0.8277685877430703
3,27,0.82196480462635
3,28,0.82196480462635
3,29,0.82196480462635
3,30,0.8193560379696453
3,31,0.8193560379696453
3,32,0.8126166332381838
3,33,0.8126166332381838
3,34,0.8126166332381838
3,35,0.8126166332381838
3,36,0.8041037342993399
3,37,0.8041037342993399
3,38,0.8014580425270121
3,39,0.7964684565706566
3,40,0.7964684565706566
3,41,0.7939416566815413
3,42,0.7928088714815708
3,43,0.7842592846261522
3,44,0.7842592846261522
3,45,0.7842592846261522
3,46,0.7842592846261522
3,47,0.7842592846261522
3,48,0.7842592846261522
3,49,0.7842592846261522
3,50,0.7842592846261522
3,51,0.7842592846261522
3,52,0.7842592846261522
3,53,0.7842592846261522
3,54,0.7786921366819628
3,55,0.7786921366819628
3,56,0.7749383654414667
3,57,0.7680033670761442
3,58,0.7680033670761442
3,59,0.7680033670761442
3,60,0.7563759571333187
3,61,0.7563759571333187
3,62,0.7563759571333187
3,63,0.7563759571333187
3,64,0.7563759571333187
3,65,0.7516481052546254
3,66,0.7516481052546254
3,67,0.7516481052546254
3,68,0.7516481052546254
3,69,0.7491169304842332
3,70,0.7489988187044092
3,71,0.7489988187044092
3,72,0.7424076545369457
3,73,0.7424076545369457
3,74,0.7424076545369457
3,75,0.741698116966592
3,76,0.739637356248297
3,77,0.7355351262207809
3,78,0.732386024830463
3,79,0.732386024830463
3,80,0.732386024830463
3,81,0.732386024830463
3,82,0.731287386195954
3,83,0.7268206024740974
3,84,0.7268206024740974
3,85,0.7267425114120241
3,86,0.7225798556834849
3,87,0.7203689587347271
3,88,0.7203689587347271
3,89,0.7095650874836827
3,90,0.7095650874836827
3,91,0.7092003813303253
3,92,0.7092003813303253
3,93,0.7045101491260533
3,94,0.7045101491260533
3,95,0.7045101491260533
3,96,0.7045101491260533
3,97,0.7019479894783196
3,98,0.6951332350184273
3,99,0.690190755828857
3,100,0.690190755828857
4,0,0.8694354619208856
4,1,0.8622245269678691
4,2,0.8622245269678691
4,3,0.8622245269678691
4,4,0.8622245269678691
4,5,0.8596947931175695
4,6,0.8596947931175695
4,7,0.8596947931175695
4,8,0.8571495604912005
4,9,0.8549903648117135
4,10,0.853639902729459
4,11,0.8505638627140952
4,12,0.8505638627140952
4,13,0.8500997344472512
4,14,0.8490992548390296
4,15,0.8461682827002378
4,16,0.8461682827002378
4,17,0.84468863852598
4,18,0.84468863852598
4,19,0.84468863852598
4,20,0.84468863852598
4,21,0.8409961936420135
4,22,0.8409961936420135
4,23,0.8409961936420135
4,24,0.8348726267721448
4,25,0.8348726267721448
4,26,0.8348726267721448
4,27,0.8323518888902756
4,28,0.8323518888902756
4,29,0.8323518888902756
4,30,0.8323518888902756
4,31,0.8307137812298717
4,32,0.8307137812298717
4,33,0.8296389414184665
4,34,0.8283815664069535
4,35,0.8283815664069535
4,36,0.8283815664069535
4,37,0.8283815664069535
4,38,0.827427617798298
4,39,0.8266427853922658
4,40,0.8248894993236195
4,41,0.8222618899946859
4,42,0.8222618899946859
4,43,0.8143238621836785
4,44,0.8143238621836785
4,45,0.8143238621836785
4,46,0.8135695004386396
4,47,0.8094937080518424
4,48,0.8094937080518424
4,49,0.8094937080518424
4,50,0.804410941960141
4,51,0.8042447477010365
4,52,0.8042447477010365
4,53,0.8037492294672351
4,54,0.7959757585768041
4,55,0.7950375138685798
4,56,0.793277276513767
4,57,0.793277276513767
4,58,0.7865441041421493
4,59,0.7865441041421493
4,60,0.7865441041421493
4,61,0.7852084952120287
4,62,0.7852084952120287
4,63,0.7852084952120287
4,64,0.7844612089821736
4,65,0.7762779344893972
4,66,0.7762779344893972
4,67,0.7762779344893972
4,68,0.7751970267864122
4,69,0.7751970267864122
4,70,0.7751970267864122
4,71,0.7723964505338611
4,72,0.7723964505338611
4,73,0.7723964505338611
4,74,0.76911489426363
4,75,0.7657395033875124
4,76,0.7657395033875124
4,77,0.7572522801051239
4,78,0.7572522801051239
4,79,0.7572522801051239
4,80,0.7572522801051239
4,81,0.7572522801051239
4,82,0.7524627380952332
4,83,0.7524627380952332
4,84,0.7524627380952332
4,85,0.7505019981995928
4,86,0.7485145989469068
4,87,0.7460806524783148
4,88,0.7460806524783148
4,89,0.741030439051156
4,90,0.741030439051156
4,91,0.7380088564459685
4,92,0.7325998023784193
4,93,0.7314980633481389
4,94,0.7308109345323217
4,95,0.7285650960469895
4,96,0.7285650960469895
4,97,0.7285650960469895
4,98,0.7266931036131062
4,99,0.7266931036131062
4,100,0.7256942658251226
5,0,0.8743537385237399
5,1,0.8743537385237399
5,2,0.8743537385237399
5,3,0.8708959341179207
5,4,0.8708959341179207
5,5,0.8706800115151847
5,6,0.8646814306739957
5,7,0.8646814306739957
5,8,0.8646814306739957
5,9,0.8646814306739957
5,10,0.864448846487707
5,11,0.8612070674589455
5,12,0.8557750725564164
5,13,0.8484896808302875
5,14,0.8460981426000188
5,15,0.8460981426000188
5,16,0.8460981426000188
5,17,0.8457139311378261
5,18,0.8457139311378261
5,19,0.8429370484602005
5,20,0.8429370484602005
5,21,0.837033023694959
5,22,0.8306382949641318
5,23,0.8306382949641318
5,24,0.8306382949641318
5,25,0.8306382949641318
5,26,0.8306382949641318
5,27,0.8275796987918348
5,28,0.8268847818002022
5,29,0.8268847818002022
5,30,0.8268847818002022
5,31,0.8175678318377565
5,32,0.8175678318377565
5,33,0.8175678318377565
5,34,0.8175678318377565
5,35,0.8175678318377565
5,36,0.8175678318377565
5,37,0.8175678318377565
5,38,0.8175678318377565
5,39,0.8144846553653651
5,40,0.8074176768691715
5,41,0.8074176768691715
5,42,0.8074176768691715
5,43,0.8036721536772967
5,44,0.8036721536772967
5,45,0.8027766502905833
5,46,0.7947957601680973
5,47,0.7947957601680973
5,48,0.7947957601680973
5,49,0.7925533030661684
5,50,0.7925533030661684
5,51,0.7925533030661684
5,52,0.7925533030661684
5,53,0.7925533030661684
5,54,0.7861038273688334
5,55,0.7861038273688334
5,56,0.7861038273688334
5,57,0.7841893647187822
5,58,0.7755701639366355
5,59,0.7755701639366355
5,60,0.7755701639366355
5,61,0.7755701639366355
5,62,0.7754251514329211
5,63,0.7754251514329211
5,64,0.7754251514329211
5,65,0.7724839241753386
5,66,0.7724839241753386
5,67,0.7724839241753386
5,68,0.7681044148669471
5,69,0.7603685129267196
5,70,0.7603685129267196
5,71,0.7603685129267196
5,72,0.7601233447904269
5,73,0.7601233447904269
5,74,0.753830509660199
5,75,0.753830509660199
5,76,0.753830509660199
5,77,0.7439554548071737
5,78,0.742936748803166
5,79,0.7401544538126184
5,80,0.7401544538126184
5,81,0.7362187624843353
5,82,0.7362187624843353
5,83,0.7362187624843353
5,84,0.73394196527331
5,85,0.73394196527331
5,86,0.73394196527331
5,87,0.7334302656587779
5,88,0.7334302656587779
5,89,0.7294215265855801
5,90,0.7250896567709786
5,91,0.7250896567709786
5,92,0.7250896567709786
5,93,0.7250896567709786
5,94,0.7250896567709786
5,95,0.7250896567709786
5,96,0.7249314261819261
5,97,0.7187031062690512
5,98,0.7187031062690512
5,99,0.7187031062690512
5,100,0.7187031062690512
6,0,0.8723246390866212
6,1,0.8705749272174177
6,2,0.8666220033938897
6,3,0.8666220033938897
6,4,0.8666220033938897
6,5,0.8665606940907046
6,6,0.8644847597072721
6,7,0.8644847597072721
6,8,0.8610773278958013
6,9,0.8610773278958013
6,10,0.8610773278958013
6,11,0.8505688701345318
6,12,0.8478381300893133
6,13,0.8478381300893133
6,14,0.8445439246876525
6,15,0.8445439246876525
6,16,0.8415078168758919
6,17,0.8379718575635202
6,18,0.8379718575635202
6,19,0.8348219723848537
6,20,0.8348219723848537
6,21,0.8325510970525426
6,22,0.8297251840652844
6,23,0.8297251840652844
6,24,0.8297251840652844
6,25,0.8271617794368257
6,26,0.8271617794368257
6,27,0.8199100583185518
6,28,0.8193627001402082
6,29,0.8193627001402082
6,30,0.8193627001402082
6,31,0.8193627001402082
6,32,0.8173926223130352
6,33,0.8173926223130352
6,34,0.8121115440090895
6,35,0.8113627842080897
6,36,0.8048208125872675
6,37,0.8048208125872675
6,38,0.8048208125872675
6,39,0.8048208125872675
6,40,0.8048208125872675
6,41,0.8048208125872675
6,42,0.8015006062717683
6,43,0.8015006062717683
6,44,0.8011351337251196
6,45,0.8011351337251196
6,46,0.8011351337251196
6,47,0.7995163374276856
6,48,0.79509784468436
6,49,0.79509784468436
6,50,0.7939110474241249
6,51,0.7939110474241249
6,52,0.7902131269656874
6,53,0.7902131269656874
6,54,0.7833015354175207
6,55,0.7833015354175207
6,56,0.7833015354175207
6,57,0.7833015354175207
6,58,0.7780176442657709
6,59,0.7737965302199697
6,60,0.7737965302199697
6,61,0.7737965302199697
6,62,0.7737965302199697
6,63,0.7737965302199697
6,64,0.7702743271243547
6,65,0.7659212343611348
6,66,0.7659212343611348
6,67,0.7650560639785833
6,68,0.7650560639785833
6,69,0.7627859192154774
6,70,0.7613393321673968
6,71,0.7576363071368325
6,72,0.7576363071368325
6,73,0.7576363071368325
6,74,0.755023653880321
6,75,0.7544771885452294
6,76,0.7536973088774049
6,77,0.7533973342463285
6,78,0.7505093090921391
6,79,0.7493752564540652
6,80,0.7469290993469968
6,81,0.7403774751100517
6,82,0.7403774751100517
6,83,0.7403774751100517
6,84,0.7361574250057501
6,85,0.7361574250057501
6,86,0.7361574250057501
6,87,0.7361574250057501
6,88,0.7347631764108995
6,89,0.7347631764108995
6,90,0.7325651645565375
6,91,0.7325651645565375
6,92,0.7296058936198946
6,93,0.7296058936198946
6,94,0.7286857793390439
6,95,0.7286857793390439
6,96,0.7286857793390439
6,97,0.7277540453813196
6,98,0.7244994387461368
6,99,0.7244994387461368
6,100,0.7239669110364543
7,0,0.8715436442542557
7,1,0.8700604125442907
7,2,0.8695059300550219
7,3,0.8651544930531547
7,4,0.8651544930531547
7,5,0.8651544930531547
7,6,0.8551360184565021
7,7,0.8513206497754812
7,8,0.8513206497754812
7,9,0.8513206497754812
7,10,0.8513206497754812
7,11,0.8487250459227162
7,12,0.8487250459227162
7,13,0.8465543670710858
7,14,0.843008120911664
7,15,0.843008120911664
7,16,0.8425136097843771
7,17,0.8425136097843771
7,18,0.8425136097843771
7,19,0.8411124107081005
7,20,0.8411124107081005
7,21,0.8310869425973147
7,22,0.8310869425973147
7,23,0.8310869425973147
7,24,0.8310869425973147
7,25,0.8310869425973147
7,26,0.8310869425973147
7,27,0.8290396530538635
7,28,0.8283172488074355
7,29,0.8263236503867826
7,30,0.8263236503867826
7,31,0.8263236503867826
7,32,0.8263236503867826
7,33,0.825064264242624
7,34,0.825064264242624
7,35,0.825064264242624
7,36,0.825064264242624
7,37,0.8088083851232134
7,38,0.8088083851232134
7,39,0.8088083851232134
7,40,0.8069519430886812
7,41,0.8069519430886812
7,42,0.8069519430886812
7,43,0.8063091261650726
7,44,0.8024614289290735
7,45,0.8024614289290735
7,46,0.8005911778564824
7,47,0.7960434989530782
7,48,0.7960434989530782
7,49,0.7950832633352578
7,50,0.7950832633352578
7,51,0.7950832633352578
7,52,0.7950832633352578
7,53,0.7950832633352578
7,54,0.7898702574989971
7,55,0.7895110263996857
7,56,0.7895110263996857
7,57,0.7895110263996857
7,58,0.7889787665249661
7,59,0.7889787665249661
7,60,0.7872595161834346
7,61,0.7832187424403791
7,62,0.7826224807417508
7,63,0.7816570187136689
7,64,0.7807135608265686
7,65,0.7807135608265686
7,66,0.7807135608265686
7,67,0.7770594810066732
7,68,0.7763144264844902
7,69,0.775839567000211
7,70,0.7741387297341475
7,71,0.7741387297341475
7,72,0.7741387297341475
7,73,0.7741387297341475
7,74,0.7727212321026202
7,75,0.7706674118849695
7,76,0.7706674118849695
7,77,0.7703461777781277
7,78,0.7703461777781277
7,79,0.7677779370403626
7,80,0.7677779370403626
7,81,0.7630747144308425
7,82,0.7630747144308425
7,83,0.7630747144308425
7,84,0.7593164151891658
7,85,0.7593164151891658
7,86,0.7589596377323239
7,87,0.7577455677595375
7,88,0.7554915609123883
7,89,0.753087868801628
7,90,0.753087868801628
7,91,0.7448760108790464
7,92,0.7447497348775725
7,93,0.7447497348775725
7,94,0.7447497348775725
7,95,0.7447497348775725
7,96,0.7447497348775725
7,97,0.742362999440622
7,98,0.742362999440622
7,99,0.742362999440622
7,100,0.7388617559997753
8,0,0.8721974182291972
8,1,0.8721974182291972
8,2,0.86529990592171
8,3,0.86529990592171
8,4,0.86529990592171
8,5,0.86529990592171
8,6,0.8617453876408843
8,7,0.8616126390962038
8,8,0.858038360831464
8,9,0.8580193302317304
8,10,0.8536429300975628
8,11,0.8458949238295942
8,12,0.8453453290535275
8,13,0.8428308463807771
8,14,0.8428308463807771
8,15,0.8411979498154906
8,16,0.8378432826809032
8,17,0.8378432826809032
8,18,0.8357384576674063
8,19,0.8313341844795733
8,20,0.8249411231773306
8,21,0.8249411231773306
8,22,0.8249411231773306
8,23,0.8213143879226791
8,24,0.8175393052892145
8,25,0.8156183725264221
8,26,0.8156183725264221
8,27,0.8156183725264221
8,28,0.8143277495984402
8,29,0.8133765713087796
8,30,0.8133765713087796
8,31,0.8114085663407475
8,32,0.803766575449872
8,33,0.803766575449872
8,34,0.7991544733509196
8,35,0.7991544733509196
8,36,0.7991544733509196
8,37,0.7991544733509196
8,38,0.7991544733509196
8,39,0.7991544733509196
8,40,0.7991544733509196
8,41,0.7991544733509196
8,42,0.7988172645272874
8,43,0.7958049930815885
8,44,0.7958049930815885
8,45,0.7958049930815885
8,46,0.7958049930815885
8,47,0.7958049930815885
8,48,0.7937738172745282
8,49,0.7937738172745282
8,50,0.7918943944688477
8,51,0.7875343386138646
8,52,0.7875343386138646
8,53,0.7875343386138646
8,54,0.7875343386138646
8,55,0.7875343386138646
8,56,0.7875343386138646
8,57,0.7815350410548229
8,58,0.7764995150710959
8,59,0.7764995150710959
8,60,0.7764995150710959
8,61,0.7732630036801803
8,62,0.7732630036801803
8,63,0.7732630036801803
8,64,0.7732630036801803
8,65,0.7708326597794056
8,66,0.7708326597794056
8,67,0.7708326597794056
8,68,0.7654837928990107
8,69,0.7593996429479178
8,70,0.7593996429479178
8,71,0.7593996429479178
8,72,0.7593996429479178
8,73,0.7593996429479178
8,74,0.7562838604348014
8,75,0.7545376513778151
8,76,0.7518176262562818
8,77,0.7518176262562818
8,78,0.7433248747463713
8,79,0.7433248747463713
8,80,0.7433248747463713
8,81,0.740576204482505
8,82,0.740576204482505
8,83,0.7397789002424123
8,84,0.7397789002424123
8,85,0.7397789002424123
8,86,0.7373480069765721
8,87,0.7351522637426836
8,88,0.7272669493041909
8,89,0.7272669493041909
8,90,0.7272669493041909
8,91,0.7272669493041909
8,92,0.7272669493041909
8,93,0.7272669493041909
8,94,0.7264534530629693
8,95,0.7203252891579921
8,96,0.7167959117251359
8,97,0.7126701171330089
8,98,0.7126701171330089
8,99,0.7126701171330089
8,100,0.7123386314600898
9,0,0.8664120074925816
9,1,0.8664120074925816
9,2,0.8664120074925816
9,3,0.8664120074925816
9,4,0.8664120074925816
9,5,0.8651643162739607
9,6,0.8651643162739607
9,7,0.8553083304335772
9,8,0.8553083304335772
9,9,0.8553083304335772
9,10,0.8553083304335772
9,11,0.8553083304335772
9,12,0.8553083304335772
9,13,0.8486779378389652
9,14,0.8486779378389652
9,15,0.8486779378389652
9,16,0.8486779378389652
9,17,0.8414925150109991
9,18,0.8414925150109991
9,19,0.8414925150109991
9,20,0.8388594537539527
9,21,0.8347894647079201
9,22,0.8347894647079201
9,23,0.8347894647079201
9,24,0.8312390159721489
9,25,0.8312390159721489
9,26,0.8267221999236759
9,27,0.8267221999236759
9,28,0.8267221999236759
9,29,0.8263990233448821
9,30,0.8263990233448821
9,31,0.8263990233448821
9,32,0.8263990233448821
9,33,0.8257465745540196
9,34,0.8217223318941667
9,35,0.8217223318941667
9,36,0.8187638271726337
9,37,0.8170805440324495
9,38,0.8150712564196054
9,39,0.8150712564196054
9,40,0.8062173724931002
9,41,0.8062173724931002
9,42,0.8055066744335182
9,43,0.8055066744335182
9,44,0.7995343844849803
9,45,0.7995343844849803
9,46,0.7995343844849803
9,47,0.7984864877291237
9,48,0.7869034010285412
9,49,0.7868299592244934
9,50,0.7848896405881197
9,51,0.7848896405881197
9,52,0.7847539867241763
9,53,0.7847539867241763
9,54,0.7847539867241763
9,55,0.7847539867241763
9,56,0.7807364847539054
9,57,0.7807364847539054
9,58,0.7745000334767732
9,59,0.7745000334767732
9,60,0.7677154267689579
9,61,0.7666393294564213
9,62,0.7666393294564213
9,63,0.7666393294564213
9,64,0.7663653860486062
9,65,0.7663653860486062
9,66,0.766192615734204
9,67,0.766192615734204
9,68,0.7622424422619443
9,69,0.7570297521926459
9,70,0.7570297521926459
9,71,0.7570297521926459
9,72,0.7528789489856997
9,73,0.7528789489856997
9,74,0.7482385246935694
9,75,0.7443934778518666
9,76,0.7436193767886679
9,77,0.7436193767886679
9,78,0.7421655933418807
9,79,0.7421655933418807
9,80,0.7421655933418807
9,81,0.7399209854242983
9,82,0.7399209854242983
9,83,0.7323432883304571
9,84,0.7323432883304571
9,85,0.7323432883304571
9,86,0.73186910609653
9,87,0.7295306314172945
9,88,0.7253877179227599
9,89,0.7253877179227599
9,90,0.7211234921105316
9,91,0.7211234921105316
9,92,0.7211234921105316
9,93,0.7211234921105316
9,94,0.7159615524034871
9,95,0.7159615524034871
9,96,0.7159615524034871
9,97,0.7116919330142966
9,98,0.7116919330142966
9,99,0.7116919330142966
9,100,0.7051735536484485
10,0,0.8721301374504429
10,1,0.8721301374504429
10,2,0.8721301374504429
10,3,0.8697885023718588
10,4,0.8668768035468141
10,5,0.8668768035468141
10,6,0.8580782146641854
10,7,0.8580782146641854
10,8,0.8572864885839132
10,9,0.8558273338850289
10,10,0.8532580325355068
10,11,0.8532580325355068
10,12,0.8532580325355068
10,13,0.8525026056853834
10,14,0.8433482284445502
10,15,0.8433482284445502
10,16,0.8433482284445502
10,17,0.8433482284445502
10,18,0.8386173910362128
10,19,0.8386173910362128
10,20,0.8304752232759485
10,21,0.8304752232759485
10,22,0.8304752232759485
10,23,0.8239675016111057
10,24,0.8239675016111057
10,25,0.8239675016111057
10,26,0.8239675016111057
10,27,0.820737588238929
10,28,0.820737588238929
10,29,0.820737588238929
10,30,0.818545478206341
10,31,0.818545478206341
10,32,0.818545478206341
10,33,0.8133215897339515
10,34,0.8133215897339515
10,35,0.8133215897339515
10,36,0.8063596957270915
10,37,0.8063596957270915
10,38,0.8063596957270915
10,39,0.8063596957270915
10,40,0.8059958121977714
10,41,0.8014368122597793
10,42,0.7994961564641409
10,43,0.7994961564641409
10,44,0.7993897806190119
10,45,0.798917849241953
10,46,0.7972174148425573
10,47,0.7843887545697368
10,48,0.7843887545697368
10,49,0.7843887545697368
10,50,0.7776755245808061
10,51,0.775115078871023
10,52,0.775115078871023
10,53,0.7749618806055394
10,54,0.7749618806055394
10,55,0.7715434727037399
10,56,0.7704364097581887
10,57,0.7704364097581887
10,58,0.7704364097581887
10,59,0.7683383220726826
10,60,0.7620696786607879
10,61,0.7620696786607879
10,62,0.7620696786607879
10,63,0.7620696786607879
10,64,0.7589872177419734
10,65,0.7535737672351702
10,66,0.7535737672351702
10,67,0.7535737672351702
10,68,0.7533950894770667
10,69,0.7533950894770667
10,70,0.7533950894770667
10,71,0.7533950894770667
10,72,0.7533950894770667
10,73,0.7517457119997228
10,74,0.7517457119997228
10,75,0.7517457119997228
10,76,0.748260413772415
10,77,0.748260413772415
10,78,0.748260413772415
10,79,0.748260413772415
10,80,0.7451039452913849
10,81,0.7451039452913849
10,82,0.743289563623543
10,83,0.743289563623543
10,84,0.743289563623543
10,85,0.7416406880481784
10,86,0.7411099707454355
10,87,0.7411099707454355
10,88,0.7341681223938582
10,89,0.7341681223938582
10,90,0.7341681223938582
10,91,0.7241745365266621
10,92,0.7241745365266621
10,93,0.7241745365266621
10,94,0.7188666995608889
10,95,0.7188666995608889
10,96,0.7188666995608889
10,97,0.7188666995608889
10,98,0.7188666995608889
10,99,0.7168794376747644
10,100,0.7168794376747644
11,0,0.8734262920853552
11,1,0.8711584562358713
11,2,0.8705297327829211
11,3,0.8649090652399722
11,4,0.8618799326391527
11,5,0.8552391844598314
11,6,0.8541172826412371
11,7,0.8512416290711745
11,8,0.8488263717606974
11,9,0.8488263717606974
11,10,0.8488263717606974
11,11,0.8476311825429782
11,12,0.8476311825429782
11,13,0.8436284914102578
11,14,0.8429543659933944
11,15,0.8429543659933944
11,16,0.8429543659933944
11,17,0.8362110946358602
11,18,0.8362110946358602
11,19,0.8362110946358602
11,20,0.8362110946358602
11,21,0.8362110946358602
11,22,0.8362110946358602
11,23,0.8316606078259802
11,24,0.8310914122460741
11,25,0.8265284496192303
11,26,0.8265284496192303
11,27,0.8265284496192303
11,28,0.8265284496192303
11,29,0.8265284496192303
11,30,0.8242625596769302
11,31,0.8206801946293218
11,32,0.8204080971955311
11,33,0.8204080971955311
11,34,0.8174674559520566
11,35,0.8167095101436469
11,36,0.8082823677395102
11,37,0.8082823677395102
11,38,0.8082823677395102
11,39,0.807309185616828
11,40,0.804917677936576
11,41,0.804917677936576
11,42,0.8007535800235771
11,43,0.7951516509306378
11,44,0.7951516509306378
11,45,0.7951516509306378
11,46,0.7918576568575652
11,47,0.7893673288643281
11,48,0.7881866239480696
11,49,0.7866463363196405
11,50,0.7866463363196405
11,51,0.7866463363196405
11,52,0.7845459018802124
11,53,0.7798628513491488
11,54,0.7798628513491488
11,55,0.7792525928285522
11,56,0.7792525928285522
11,57,0.7750345828411012
11,58,0.7750345828411012
11,59,0.7732741731017443
11,60,0.7732741731017443
11,61,0.7730413682846229
11,62,0.7730413682846229
11,63,0.7730413682846229
11,64,0.7668922356704277
11,65,0.7668922356704277
11,66,0.7668922356704277
11,67,0.7631644871359307
11,68,0.7631644871359307
11,69,0.7631644871359307
11,70,0.7631644871359307
11,71,0.7631644871359307
11,72,0.7631644871359307
11,73,0.76233147348398
11,74,0.7604669847125978
11,75,0.7571237833814388
11,76,0.7571237833814388
11,77,0.7431338846196137
11,78,0.7431338846196137
11,79,0.7431338846196137
11,80,0.7431338846196137
11,81,0.7425754107299769
11,82,0.7425754107299769
11,83,0.7425754107299769
11,84,0.7418032276854629
11,85,0.7418032276854629
11,86,0.7408930295965808
11,87,0.7408930295965808
11,88,0.7377919274510847
11,89,0.7342913782089125
11,90,0.7342913782089125
11,91,0.7342913782089125
11,92,0.7342913782089125
11,93,0.7342913782089125
11,94,0.7292819618159081
11,95,0.7283863334098092
11,96,0.7283863334098092
11,97,0.7283863334098092
11,98,0.7205919595218945
11,99,0.7167040637441761
11,100,0.7167040637441761
12,0,0.8706405784776385
12,1,0.8706405784776385
12,2,0.8649974282158174
12,3,0.8649974282158174
12,4,0.8649974282158174
12,5,0.8577781957931816
12,6,0.8577781957931816
12,7,0.8547109635251
12,8,0.8547109635251
12,9,0.8547109635251
12,10,0.8547109635251
12,11,0.8547109635251
12,12,0.8547109635251
12,13,0.8547109635251
12,14,0.8537666059592994
12,15,0.8521593476759967
12,16,0.8423073271476772
12,17,0.8423073271476772
12,18,0.8423073271476772
12,19,0.8423073271476772
12,20,0.8408559484529353
12,21,0.8408559484529353
12,22,0.8408559484529353
12,23,0.8408559484529353
12,24,0.8408559484529353
12,25,0.8362589669705224
12,26,0.8296230864035746
12,27,0.8296230864035746
12,28,0.8267860380285148
12,29,0.8257492219703066
12,30,0.8254452568510041
12,31,0.8250050020089258
12,32,0.8206969131368795
12,33,0.8206969131368795
12,34,0.8206969131368795
12,35,0.8148216607874931
12,36,0.8148216607874931
12,37,0.8103250066244706
12,38,0.8103250066244706
12,39,0.8103227434703267
12,40,0.8103227434703267
12,41,0.8028465442937336
12,42,0.8028465442937336
12,43,0.8018609324792659
12,44,0.799612044303789
12,45,0.7973420726828097
12,46,0.792948163757045
12,47,0.7867428926844565
12,48,0.7849134749159118
12,49,0.7849134749159118
12,50,0.7849134749159118
12,51,0.7849134749159118
12,52,0.7796135162066014
12,53,0.7796135162066014
12,54,0.7748267530713804
12,55,0.7748267530713804
12,56,0.7748267530713804
12,57,0.7711242169477597
12,58,0.7689663706383286
12,59,0.7585063458315465
12,60,0.7585063458315465
12,61,0.7524056431636346
12,62,0.7521097231263904
12,63,0.7521097231263904
12,64,0.7513748752355077
12,65,0.7473592331126523
12,66,0.7473592331126523
12,67,0.7473592331126523
12,68,0.7472799629774681
12,69,0.7472799629774681
12,70,0.746333407228291
12,71,0.746333407228291
12,72,0.7427650552610541
12,73,0.7427650552610541
12,74,0.7427650552610541
12,75,0.74079672822206
12,76,0.7389378184975622
12,77,0.7389378184975622
12,78,0.7389378184975622
12,79,0.7384923113368774
12,80,0.7348878205317918
12,81,0.7348878205317918
12,82,0.7272694054285295
12,83,0.7272694054285295
12,84,0.7272694054285295
12,85,0.7272694054285295
12,86,0.7272694054285295
12,87,0.7241866195208677
12,88,0.7241866195208677
12,89,0.7241866195208677
12,90,0.7241866195208677
12,91,0.7204514000717664
12,92,0.7204514000717664
12,93,0.7204514000717664
12,94,0.7204514000717664
12,95,0.7138495731118532
12,96,0.7138495731118532
12,97,0.7138495731118532
12,98,0.7138495731118532
12,99,0.7127132117632591
12,100,0.7127132117632591
13,0,0.8679535997917786
13,1,0.8679535997917786
13,2,0.8665597115226158
13,3,0.8665597115226158
13,4,0.8635857438079351
13,5,0.8598199449082662
13,6,0.8598199449082662
13,7,0.8598199449082662
13,8,0.8598199449082662
13,9,0.8598199449082662
13,10,0.8598199449082662
13,11,0.8598199449082662
13,12,0.858866941550438
13,13,0.858866941550438
13,14,0.8496160654264566
13,15,0.8496160654264566
13,16,0.8496160654264566
13,17,0.8496160654264566
13,18,0.8496160654264566
13,19,0.8479659825924655
13,20,0.8465948186010528
13,21,0.8463952069854374
13,22,0.8463952069854374
13,23,0.8457070614050406
13,24,0.8432315477255349
13,25,0.8430486337160884
13,26,0.8430486337160884
13,27,0.8430486337160884
13,28,0.8369404844904371
13,29,0.8369404844904371
13,30,0.8369404844904371
13,31,0.8328868982675887
13,32,0.8308377430426519
13,33,0.8294161059890458
13,34,0.8294161059890458
13,35,0.8294161059890458
13,36,0.8285157857322462
13,37,0.8207493937731579
13,38,0.8207493937731579
13,39,0.8207493937731579
13,40,0.8207493937731579
13,41,0.8194986149789109
13,42,0.8194986149789109
13,43,0.819215583812163
13,44,0.8191891708891403
13,45,0.8191891708891403
13,46,0.8161662366214223
13,47,0.8161662366214223
13,48,0.8142582245407535
13,49,0.8124864962052583
13,50,0.8124864962052583
13,51,0.8089919757241284
13,52,0.8089919757241284
13,53,0.7990854239504215
13,54,0.7990854239504215
13,55,0.7990854239504215
13,56,0.7990854239504215
13,57,0.7990854239504215
13,58,0.7990854239504215
13,59,0.7990854239504215
13,60,0.7940164900547907
13,61,0.7940164900547907
13,62,0.7940164900547907
13,63,0.7899417987117656
13,64,0.7792592293196484
13,65,0.7792592293196484
13,66,0.7792592293196484
13,67,0.7792592293196484
13,68,0.7749414723172182
13,69,0.7749414723172182
13,70,0.7749414723172182
13,71,0.7731909208124621
13,72,0.7731909208124621
13,73,0.7731909208124621
13,74,0.7715274699755805
13,75,0.7715274699755805
13,76,0.7627438594873998
13,77,0.7627438594873998
13,78,0.7627438594873998
13,79,0.7595894758255478
13,80,0.7595894758255478
13,81,0.7595134924778966
13,82,0.7595134924778966
13,83,0.7559295859362584
13,84,0.7512468500955855
13,85,0.7512468500955855
13,86,0.7512468500955855
13,87,0.7491288049154611
13,88,0.7477085762133983
13,89,0.7434097572888494
13,90,0.7434097572888494
13,91,0.7408994794291229
13,92,0.7408994794291229
13,93,0.7400133125988518
13,94,0.7400133125988518
13,95,0.7363724630923574
13,96,0.7362011093984965
13,97,0.7359336714341371
13,98,0.7359336714341371
13,99,0.7356950298975423
13,100,0.7298434125078898
14,0,0.8706965513795835
14,1,0.8681124658289245
14,2,0.8681124658289245
14,3,0.8638943692517858
14,4,0.8638943692517858
14,5,0.8638943692517858
14,6,0.8614767951323009
14,7,0.8610404210580155
14,8,0.8599388445541415
14,9,0.8564172830401565
14,10,0.8449830197617422
14,11,0.8449830197617422
14,12,0.8449830197617422
14,13,0.8449830197617422
14,14,0.8449830197617422
14,15,0.8449830197617422
14,16,0.8449830197617422
14,17,0.8449830197617422
14,18,0.8419168535064506
14,19,0.8367476246933
14,20,0.8367476246933
14,21,0.8367476246933
14,22,0.8367476246933
14,23,0.833585918856088
14,24,0.830340727775595
14,25,0.830340727775595
14,26,0.830340727775595
14,27,0.830340727775595
14,28,0.8263825314463273
14,29,0.8257276416244345
14,30,0.8225911831567146
14,31,0.8225911831567146
14,32,0.8225911831567146
14,33,0.8225911831567146
14,34,0.8219076198447408
14,35,0.8216886047233768
14,36,0.8211456653137762
14,37,0.8211456653137762
14,38,0.8211456653137762
14,39,0.819034061250091
14,40,0.817723831973642
14,41,0.8161820151528635
14,42,0.8161820151528635
14,43,0.8161820151528635
14,44,0.8161820151528635
14,45,0.8161820151528635
14,46,0.8119414063331313
14,47,0.8119414063331313
14,48,0.8119414063331313
14,49,0.8119414063331313
14,50,0.8114175581527026
14,51,0.8114175581527026
14,52,0.8095435486549726
14,53,0.8080964563595043
14,54,0.8080964563595043
14,55,0.8080964563595043
14,56,0.8046222945250967
14,57,0.8046222945250967
14,58,0.8046222945250967
14,59,0.8028139152416844
14,60,0.8028139152416844
14,61,0.8028139152416844
14,62,0.7992499462457607
14,63,0.7963454955506128
14,64,0.7963454955506128
14,65,0.7963454955506128
14,66,0.7963454955506128
14,67,0.7963454955506128
14,68,0.7952645412311365
14,69,0.7952645412311365
14,70,0.7941496958715731
14,71,0.7924433948967763
14,72,0.7921230240799835
14,73,0.7890261512635797
14,74,0.7890261512635797
14,75,0.7879421463862472
14,76,0.781855050364242
14,77,0.781855050364242
14,78,0.781855050364242
14,79,0.781855050364242
14,80,0.7817655916727307
14,81,0.7815674081474622
14,82,0.7770887907224086
14,83,0.7770887907224086
14,84,0.7770887907224086
14,85,0.7643922341949926
14,86,0.7643922341949926
14,87,0.7643922341949926
14,88,0.7643922341949926
14,89,0.7555554744214802
14,90,0.753709813344121
14,91,0.7527273933684687
14,92,0.7503939482640889
14,93,0.7396703649399438
14,94,0.7396703649399438
14,95,0.7396703649399438
14,96,0.7396703649399438
14,97,0.7396703649399438
14,98,0.7396703649399438
14,99,0.738904499895151
14,100,0.738904499895151
15,0,0.869034827770905
15,1,0.869034827770905
15,2,0.8614885239002232
15,3,0.8603734474099883
15,4,0.8603734474099883
15,5,0.8603734474099883
15,6,0.8603734474099883
15,7,0.8603734474099883
15,8,0.8573091508227005
15,9,0.8573091508227005
15,10,0.8566495668930829
15,11,0.8516002929331528
15,12,0.8512829909130271
15,13,0.8402428799729842
15,14,0.8402428799729842
15,15,0.8402428799729842
15,16,0.8402428799729842
15,17,0.8399583998888104
15,18,0.8346294445473135
15,19,0.8346294445473135
15,20,0.8346294445473135
15,21,0.8297780085879918
15,22,0.8297780085879918
15,23,0.8280630098683689
15,24,0.8280630098683689
15,25,0.8278215119347483
15,26,0.8248630743776845
15,27,0.823523982467935
15,28,0.814270112234461
15,29,0.814270112234461
15,30,0.814270112234461
15,31,0.814270112234461
15,32,0.814270112234461
15,33,0.814270112234461
15,34,0.8126955267841603
15,35,0.8106137738265626
15,36,0.808713330659677
15,37,0.8061029297899492
15,38,0.8061029297899492
15,39,0.8046900691968585
15,40,0.8015896490820243
15,41,0.8015896490820243
15,42,0.7974676156105521
15,43,0.7972262164257294
15,44,0.7972262164257294
15,45,0.7944241387029662
15,46,0.7944241387029662
15,47,0.7930055439082566
15,48,0.7930055439082566
15,49,0.7920654909464135
15,50,0.7920654909464135
15,51,0.7904132224830557
15,52,0.7904132224830557
15,53,0.7895140302601417
15,54,0.7895140302601417
15,55,0.7840527330259985
15,56,0.7825918142325573
15,57,0.7735524919039907
15,58,0.7715520148746634
15,59,0.7715520148746634
15,60,0.7658060175074609
15,61,0.7658060175074609
15,62,0.7644007754233494
15,63,0.76292542154662
15,64,0.76292542154662
15,65,0.760858977581994
15,66,0.7546525274791945
15,67,0.7546525274791945
15,68,0.7474459343694446
15,69,0.7468377503507974
15,70,0.746031627711563
15,71,0.746031627711563
15,72,0.7444473342544595
15,73,0.7365503546967477
15,74,0.734149543598357
15,75,0.734149543598357
15,76,0.734149543598357
15,77,0.734149543598357
15,78,0.734149543598357
15,79,0.7326967639649805
15,80,0.7319031077759488
15,81,0.7306278920222922
15,82,0.7298374447118803
15,83,0.7281858519249682
15,84,0.7272521972296008
15,85,0.7267872490649049
15,86,0.7261983624207028
15,87,0.7193928858611592
15,88,0.7193928858611592
15,89,0.7193928858611592
15,90,0.7189641975060189
15,91,0.7189439056894597
15,92,0.7156948303964381
15,93,0.7156948303964381
15,94,0.7063887134980202
15,95,0.7063887134980202
15,96,0.7063887134980202
15,97,0.7018163049969026
15,98,0.7018163049969026
15,99,0.7018163049969026
15,100,0.6987498972315003
16,0,0.8735938373370306
16,1,0.8735938373370306
16,2,0.8735938373370306
16,3,0.8735938373370306
16,4,0.8723516737540644
16,5,0.8723516737540644
16,6,0.8708317300725901
16,7,0.8665001887740024
16,8,0.8620065138042479
16,9,0.8620065138042479
16,10,0.8620065138042479
16,11,0.8620065138042479
16,12,0.8620065138042479
16,13,0.8620065138042479
16,14,0.8580486251296987
16,15,0.8580486251296987
16,16,0.8572306113163357
16,17,0.8572306113163357
16,18,0.8532885841071474
16,19,0.8532885841071474
16,20,0.849001671609912
16,21,0.849001671609912
16,22,0.849001671609912
16,23,0.849001671609912
16,24,0.8459789266801856
16,25,0.8432083547190269
16,26,0.8432083547190269
16,27,0.8432083547190269
16,28,0.8432083547190269
16,29,0.8355980528325044
16,30,0.8355980528325044
16,31,0.8355980528325044
16,32,0.8355980528325044
16,33,0.8309297112732377
16,34,0.8309297112732377
16,35,0.8290494949701371
16,36,0.8290494949701371
16,37,0.8290494949701371
16,38,0.8254250083527529
16,39,0.8254250083527529
16,40,0.8254250083527529
16,41,0.8249122434243533
16,42,0.8249122434243533
16,43,0.8160589824978474
16,44,0.8160589824978474
16,45,0.8160589824978474
16,46,0.8160589824978474
16,47,0.8155518888891904
16,48,0.8090741164441201
16,49,0.8090741164441201
16,50,0.8090741164441201
16,51,0.8090741164441201
16,52,0.8090741164441201
16,53,0.8090741164441201
16,54,0.8088471667502257
16,55,0.8065195213890489
16,56,0.802966811135624
16,57,0.802966811135624
16,58,0.802966811135624
16,59,0.799840349708472
16,60,0.7937212105073581
16,61,0.7892109628533232
16,62,0.7877314135742369
16,63,0.7797862534893026
16,64,0.7797862534893026
16,65,0.7766221911902659
16,66,0.7766221911902659
16,67,0.7766221911902659
16,68,0.7751212783591387
16,69,0.7751212783591387
16,70,0.7726033333741841
16,71,0.7692042552068987
16,72,0.7692042552068987
16,73,0.7692042552068987
16,74,0.7692042552068987
16,75,0.7659045945882962
16,76,0.7659045945882962
16,77,0.7659045945882962
16,78,0.7596435325592124
16,79,0.7596435325592124
16,80,0.7596435325592124
16,81,0.7596435325592124
16,82,0.758371002321882
16,83,0.7549604283997992
16,84,0.7542172380868115
16,85,0.7542172380868115
16,86,0.7513018340528425
16,87,0.7513018340528425
16,88,0.7497875924675677
16,89,0.7497875924675677
16,90,0.749384063361117
16,91,0.7487238955116838
16,92,0.7458808505132722
16,93,0.7432119731327514
16,94,0.7427438708296836
16,95,0.7324712617958606
16,96,0.7324712617958606
16,97,0.7309486270081365
16,98,0.7309486270081365
16,99,0.7258732980817055
16,100,0.7258732980817055
17,0,0.8712755218135192
17,1,0.8693915126365585
17,2,0.8693915126365585
17,3,0.8687733424967701
17,4,0.8687733424967701
17,5,0.8673533643742505
17,6,0.8560666123742835
17,7,0.8560666123742835
17,8,0.8560666123742835
17,9,0.8560666123742835
17,10,0.8560666123742835
17,11,0.8493916171838559
17,12,0.8493916171838559
17,13,0.8493916171838559
17,14,0.8493916171838559
17,15,0.8493916171838559
17,16,0.8428919438266527
17,17,0.8428919438266527
17,18,0.8428919438266527
17,19,0.8428919438266527
17,20,0.8378176537299435
17,21,0.8311405750128602
17,22,0.8311405750128602
17,23,0.8311405750128602
17,24,0.8311405750128602
17,25,0.8286342495884796
17,26,0.8286342495884796
17,27,0.8286342495884796
17,28,0.826675625174269
17,29,0.8244322525648873
17,30,0.8213318193044198
17,31,0.8213318193044198
17,32,0.8213318193044198
17,33,0.8165192572680747
17,34,0.8165192572680747
17,35,0.8134420760856719
17,36,0.8134420760856719
17,37,0.8134420760856719
17,38,0.8134420760856719
17,39,0.8134420760856719
17,40,0.8134420760856719
17,41,0.8105323242877134
17,42,0.8105323242877134
17,43,0.8024552333407762
17,44,0.8024552333407762
17,45,0.8024552333407762
17,46,0.8024552333407762
17,47,0.8019464910015406
17,48,0.8011170587198131
17,49,0.800982358390814
17,50,0.7999901564462858
17,51,0.7944754285475306
17,52,0.7944754285475306
17,53,0.7944754285475306
17,54,0.7944754285475306
17,55,0.7916079395227643
17,56,0.7882737917115116
17,57,0.7882737917115116
17,58,0.7882737917115116
17,59,0.7882737917115116
17,60,0.7809998376513347
17,61,0.7809998376513347
17,62,0.7809998376513347
17,63,0.7777848237978742
17,64,0.7777848237978742
17,65,0.7777848237978742
17,66,0.7772798749669897
17,67,0.7770447344475008
17,68,0.7711662781749269
17,69,0.7681437553158654
17,70,0.7681437553158654
17,71,0.7653503896018822
17,72,0.7653503896018822
17,73,0.7569762632466934
17,74,0.7569762632466934
17,75,0.7569762632466934
17,76,0.7569762632466934
17,77,0.7562030565745751
17,78,0.7557055337536523
17,79,0.7557055337536523
17,80,0.7557055337536523
17,81,0.7555619149799992
17,82,0.7502837003908058
17,83,0.7502837003908058
17,84,0.7444425156764043
17,85,0.7420528376541431
17,86,0.7420528376541431
17,87,0.7420528376541431
17,88,0.7392089521975564
17,89,0.7392089521975564
17,90,0.7383187821979559
17,91,0.7356637391650451
17,92,0.7356637391650451
17,93,0.7310837319394624
17,94,0.7310837319394624
17,95,0.7288195353268172
17,96,0.7267386368125329
17,97,0.7267386368125329
17,98,0.7251523870267178
17,99,0.7251523870267178
17,100,0.7236070273541356
18,0,0.8735255039142689
18,1,0.864572065002078
18,2,0.8613043285206503
18,3,0.8613043285206503
18,4,0.8582206587970479
18,5,0.8575900480389022
18,6,0.8575900480389022
18,7,0.8544283818152408
18,8,0.8544283818152408
18,9,0.8543932296846778
18,10,0.8494282229844079
18,11,0.8460220294004536
18,12,0.8383890969072135
18,13,0.8383890969072135
18,14,0.8383890969072135
18,15,0.8346304177076744
18,16,0.834299189353527
18,17,0.827996038077357
18,18,0.8263739005407593
18,19,0.8263739005407593
18,20,0.8256609443809684
18,21,0.817287507813999
18,22,0.817287507813999
18,23,0.8157748176232144
18,24,0.8157748176232144
18,25,0.8130569554582783
18,26,0.8109181867949452
18,27,0.8067296663327104
18,28,0.8067296663327104
18,29,0.8067296663327104
18,30,0.8061679655820125
18,31,0.8048715389532123
18,32,0.8032025146888266
18,33,0.8032025146888266
18,34,0.8006937666772276
18,35,0.8000096031821216
18,36,0.7946529298025917
18,37,0.7943158177866492
18,38,0.7920469620521727
18,39,0.7829770589097925
18,40,0.7779533906608394
18,41,0.7747607549411445
18,42,0.7747607549411445
18,43,0.7704485991256222
18,44,0.7693067849689945
18,45,0.7693033601954066
18,46,0.7693033601954066
18,47,0.7647568160427123
18,48,0.7647568160427123
18,49,0.7644568726441644
18,50,0.7643599979165308
18,51,0.7643599979165308
18,52,0.7545197259782124
18,53,0.7545197259782124
18,54,0.7514238827278191
18,55,0.7514238827278191
18,56,0.7514238827278191
18,57,0.7467682303714228
18,58,0.7467682303714228
18,59,0.7467682303714228
18,60,0.7452039440054826
18,61,0.7452039440054826
18,62,0.7376251440966561
18,63,0.7376251440966561
18,64,0.7332364961878491
18,65,0.7310513779844163
18,66,0.7266286002080469
18,67,0.7266286002080469
18,68,0.7247111045410561
18,69,0.7206251815884023
18,70,0.7206251815884023
18,71,0.7206251815884023
18,72,0.7206251815884023
18,73,0.7194738894833997
18,74,0.7150609570386177
18,75,0.7150609570386177
18,76,0.7145776595468492
18,77,0.7145776595468492
18,78,0.7145776595468492
18,79,0.7141743019513491
18,80,0.7141743019513491
18,81,0.7132474690747219
18,82,0.7125005697654714
18,83,0.7125005697654714
18,84,0.711978287091103
18,85,0.7113731481415696
18,86,0.7100148469986249
18,87,0.7087271462497841
18,88,0.7017694668166075
18,89,0.6992173823449709
18,90,0.6992173823449709
18,91,0.6992173823449709
18,92,0.6918129887723623
18,93,0.681850964536986
18,94,0.681850964536986
18,95,0.681850964536986
18,96,0.6796810981424121
18,97,0.6796810981424121
18,98,0.6776907454181982
18,99,0.6769621562872783
18,100,0.6750940987722709
19,0,0.8696149630472749
19,1,0.8653656939566711
19,2,0.8653656939566711
19,3,0.8653656939566711
19,4,0.8653656939566711
19,5,0.864839150013709
19,6,0.864839150013709
19,7,0.8631537204592427
19,8,0.8631537204592427
19,9,0.8603766882455542
19,10,0.8603766882455542
19,11,0.8602594281753307
19,12,0.8579603244068748
19,13,0.8579603244068748
19,14,0.8579603244068748
19,15,0.855607237110376
19,16,0.855607237110376
19,17,0.8509676825870459
19,18,0.8509676825870459
19,19,0.8509676825870459
19,20,0.843677771988292
19,21,0.843677771988292
19,22,0.843677771988292
19,23,0.843677771988292
19,24,0.843677771988292
19,25,0.8375562678208281
19,26,0.8375562678208281
19,27,0.8375562678208281
19,28,0.829322635711066
19,29,0.829322635711066
19,30,0.829322635711066
19,31,0.829322635711066
19,32,0.8224757207545429
19,33,0.8219182489947059
19,34,0.8219182489947059
19,35,0.8219182489947059
19,36,0.8219182489947059
19,37,0.8216379541490451
19,38,0.8161894957590168
19,39,0.8124410197662629
19,40,0.8124410197662629
19,41,0.8089039906559442
19,42,0.8089039906559442
19,43,0.8089039906559442
19,44,0.8089039906559442
19,45,0.8089039906559442
19,46,0.8089039906559442
19,47,0.8061758793882363
19,48,0.8059759116893759
19,49,0.8001797856127287
19,50,0.8001797856127287
19,51,0.7957108475282771
19,52,0.7951305388504819
19,53,0.7951305388504819
19,54,0.7886760108936689
19,55,0.782596210806978
19,56,0.782596210806978
19,57,0.782596210806978
19,58,0.782596210806978
19,59,0.7804979959048337
19,60,0.7804979959048337
19,61,0.7803927534363957
19,62,0.774971335632976
19,63,0.7731030930243874
19,64,0.7686292816551018
19,65,0.7671221257729663
19,66,0.7619578330400141
19,67,0.7619578330400141
19,68,0.7619578330400141
19,69,0.7597781729909074
19,70,0.7573127188377776
19,71,0.7573127188377776
19,72,0.7567435571388053
19,73,0.754212143705533
19,74,0.7498978589095128
19,75,0.7498978589095128
19,76,0.7498978589095128
19,77,0.7498978589095128
19,78,0.7498978589095128
19,79,0.7409068482753738
19,80,0.7409068482753738
19,81,0.7409068482753738
19,82,0.7408748147205951
19,83,0.7408748147205951
19,84,0.7382211977240366
19,85,0.7382211977240366
19,86,0.7382211977240366
19,87,0.7382211977240366
19,88,0.7382211977240366
19,89,0.7343247815608719
19,90,0.7343247815608719
19,91,0.7343247815608719
19,92,0.7334972636361864
19,93,0.7307561824999327
19,94,0.7296179179409253
19,95,0.7296179179409253
19,96,0.7221506835439905
19,97,0.7221506835439905
19,98,0.7221506835439905
19,99,0.7154053663616132
19,100,0.7154053663616132
20,0,0.8760423318884446
20,1,0.8711296841613382
20,2,0.8711296841613382
20,3,0.8683562690431472
20,4,0.86409710696381
20,5,0.86409710696381
20,6,0.86409710696381
20,7,0.8589503043706948
20,8,0.8589503043706948
20,9,0.8587340682517772
20,10,0.848881554005521
20,11,0.848881554005521
20,12,0.8485201799961356
20,13,0.844877724379866
20,14,0.844877724379866
20,15,0.8432434707140642
20,16,0.8404615479504696
20,17,0.8404615479504696
20,18,0.8341260986542662
20,19,0.8341260986542662
20,20,0.8341260986542662
20,21,0.8341260986542662
20,22,0.8341260986542662
20,23,0.8280751310220842
20,24,0.8280751310220842
20,25,0.8210603198121199
20,26,0.8210603198121199
20,27,0.8206418321567601
20,28,0.8184195104200052
20,29,0.8144111216529544
20,30,0.8094632675756162
20,31,0.8007901158872139
20,32,0.8007901158872139
20,33,0.8007901158872139
20,34,0.8007901158872139
20,35,0.8007901158872139
20,36,0.7966981518460038
20,37,0.7960423118095006
20,38,0.7960423118095006
20,39,0.7960423118095006
20,40,0.795980693995287
20,41,0.7894623686252453
20,42,0.7860537044122894
20,43,0.7833600175504006
20,44,0.781774759542681
20,45,0.7778311566244488
20,46,0.7778311566244488
20,47,0.7778311566244488
20,48,0.7770019708542663
20,49,0.7770019708542663
20,50,0.7710423559131491
20,51,0.7710423559131491
20,52,0.7710423559131491
20,53,0.7708727586084027
20,54,0.769105616145408
20,55,0.7613893035076046
20,56,0.7613893035076046
20,57,0.7589036616251973
20,58,0.7589036616251973
20,59,0.757871118716332
20,60,0.754275274096127
20,61,0.7527335171443625
20,62,0.74927123859979
20,63,0.74927123859979
20,64,0.74927123859979
20,65,0.74927123859979
20,66,0.7470956431857968
20,67,0.7463359997242914
20,68,0.7425383612682772
20,69,0.7425383612682772
20,70,0.7425383612682772
20,71,0.7425383612682772
20,72,0.7406503312175564
20,73,0.7401586632825258
20,74,0.7401586632825258
20,75,0.7392595476773137
20,76,0.7368300545434289
20,77,0.7368300545434289
20,78,0.7276845825773152
20,79,0.7276845825773152
20,80,0.7276845825773152
20,81,0.7259771854625054
20,82,0.7259771854625054
20,83,0.7254951611036055
20,84,0.7249084754671188
20,85,0.7249084754671188
20,86,0.7249084754671188
20,87,0.7207073715300728
20,88,0.7207073715300728
20,89,0.7122392917025234
20,90,0.7122392917025234
20,91,0.7122392917025234
20,92,0.7067318165690702
20,93,0.7060629609037253
20,94,0.7033382932699964
20,95,0.7033382932699964
20,96,0.7033382932699964
20,97,0.7004844604911186
20,98,0.6941255985729993
20,99,0.6930507887871898
20,100,0.6866879436506536
21,0,0.8733559284310426
21,1,0.8733559284310426
21,2,0.8694638980026701
21,3,0.8642299151827976
21,4,0.8642299151827976
21,5,0.8642299151827976
21,6,0.8591305405235649
21,7,0.8591305405235649
21,8,0.8591305405235649
21,9,0.8591305405235649
21,10,0.8571784493244383
21,11,0.8556254832693484
21,12,0.8556254832693484
21,13,0.8549958430328718
21,14,0.8549958430328718
21,15,0.8549958430328718
21,16,0.8549958430328718
21,17,0.8549958430328718
21,18,0.8518202969689755
21,19,0.8477652919061974
21,20,0.8477652919061974
21,21,0.8477652919061974
21,22,0.8464807341928728
21,23,0.8464807341928728
21,24,0.8406711818370238
21,25,0.8406711818370238
21,26,0.8406711818370238
21,27,0.8400088947171566
21,28,0.8394140560114502
21,29,0.8394140560114502
21,30,0.8385674159690144
21,31,0.8349326885408505
21,32,0.8331752958182912
21,33,0.8331752958182912
21,34,0.8331752958182912
21,35,0.8293295940640358
21,36,0.825244986720482
21,37,0.825244986720482
21,38,0.8232909452441586
21,39,0.8223011131762971
21,40,0.8187450422724349
21,41,0.8168047495990773
21,42,0.8168047495990773
21,43,0.8168047495990773
21,44,0.8168047495990773
21,45,0.8155979636785836
21,46,0.8109412779996438
21,47,0.8032862405326097
21,48,0.8032862405326097
21,49,0.802347490239379
21,50,0.8007422562098901
21,51,0.8007422562098901
21,52,0.7985694663679439
21,53,0.7985694663679439
21,54,0.7985694663679439
21,55,0.7985694663679439
21,56,0.7985694663679439
21,57,0.792827505506793
21,58,0.7918636398461423
21,59,0.782514474754912
21,60,0.782514474754912
21,61,0.7820049635847143
21,62,0.7820049635847143
21,63,0.7788577055775788
21,64,0.7788577055775788
21,65,0.7756118535810583
21,66,0.7756118535810583
21,67,0.7739447849662406
21,68,0.770471069011973
21,69,0.770471069011973
21,70,0.7612909006550397
21,71,0.7612909006550397
21,72,0.7612909006550397
21,73,0.7594062080151835
21,74,0.7522905709947557
21,75,0.7512039375478036
21,76,0.7512039375478036
21,77,0.7512039375478036
21,78,0.7512039375478036
21,79,0.7446385557248761
21,80,0.7446385557248761
21,81,0.7408716723493167
21,82,0.7371128024065159
21,83,0.7371128024065159
21,84,0.7371128024065159
21,85,0.72968135258334
21,86,0.72968135258334
21,87,0.72968135258334
21,88,0.726137246852901
21,89,0.726137246852901
21,90,0.726137246852901
21,91,0.726137246852901
21,92,0.7224868061107178
21,93,0.7196203530492
21,94,0.7196203530492
21,95,0.719495555270225
21,96,0.711826714739433
21,97,0.711826714739433
21,98,0.7056712147862423
21,99,0.7044106433915073
21,100,0.704119980159891
22,0,0.8654206102421345
22,1,0.8630537840503504
22,2,0.8630537840503504
22,3,0.8630537840503504
22,4,0.8630537840503504
22,5,0.8617487804436984
22,6,0.860387654620848
22,7,0.860387654620848
22,8,0.8529838625025618
22,9,0.8529838625025618
22,10,0.8455886052049086
22,11,0.8455886052049086
22,12,0.8455886052049086
22,13,0.8452086623830306
22,14,0.8386495180123371
22,15,0.8366662373929781
22,16,0.8366662373929781
22,17,0.83236595206791
22,18,0.83236595206791
22,19,0.83236595206791
22,20,0.8321798393346692
22,21,0.8212453585815647
22,22,0.8212453585815647
22,23,0.8212453585815647
22,24,0.8207565226208867
22,25,0.8159823356730627
22,26,0.8159823356730627
22,27,0.8152569326089818
22,28,0.8146039342335936
22,29,0.8093631922040481
22,30,0.8093631922040481
22,31,0.8092233627420142
22,32,0.7962877474894654
22,33,0.7962877474894654
22,34,0.7962877474894654
22,35,0.7962877474894654
22,36,0.7962877474894654
22,37,0.7913442474232378
22,38,0.7913442474232378
22,39,0.7913442474232378
22,40,0.7912272774143982
22,41,0.7912272774143982
22,42,0.7863504553073211
22,43,0.7863504553073211
22,44,0.7848525439800111
22,45,0.7826824288247761
22,46,0.7813867570810017
22,47,0.7813867570810017
22,48,0.7787384900586138
22,49,0.7754085673858838
22,50,0.7730829315126652
22,51,0.7730829315126652
22,52,0.7730829315126652
22,53,0.7690771769100956
22,54,0.7689167738060845
22,55,0.7689167738060845
22,56,0.7669867982382496
22,57,0.7661697687774917
22,58,0.7661697687774917
22,59,0.7661697687774917
22,60,0.764065102911409
22,61,0.7524570203004058
22,62,0.7524570203004058
22,63,0.7524570203004058
22,64,0.7518363372390197
22,65,0.7499675297906739
22,66,0.7470169630824518
22,67,0.7438021321103706
22,68,0.7438021321103706
22,69,0.7406530321990358
22,70,0.7406530321990358
22,71,0.7336532479764479
22,72,0.7336532479764479
22,73,0.7336532479764479
22,74,0.7336532479764479
22,75,0.7336532479764479
22,76,0.732816410009579
22,77,0.732816410009579
22,78,0.732816410009579
22,79,0.7246596605921088
22,80,0.7246596605921088
22,81,0.7246596605921088
22,82,0.7246596605921088
22,83,0.7188059847160193
22,84,0.7188059847160193
22,85,0.7188059847160193
22,86,0.7188059847160193
22,87,0.7140097601652275
22,88,0.7140097601652275
22,89,0.7140097601652275
22,90,0.7080791099718752
22,91,0.7080791099718752
22,92,0.7046597352574339
22,93,0.7007294336804958
22,94,0.7007294336804958
22,95,0.7007294336804958
22,96,0.7007294336804958
22,97,0.7007294336804958
22,98,0.7007294336804958
22,99,0.7007294336804958
22,100,0.7007294336804958
23,0,0.8736748070059013
23,1,0.8688335798716855
23,2,0.8688335798716855
23,3,0.8688335798716855
23,4,0.8670579686100242
23,5,0.8654181178094829
23,6,0.8613618797674488
23,7,0.8613618797674488
23,8,0.8590952584993963
23,9,0.8572233156051097
23,10,0.8572233156051097
23,11,0.8572233156051097
23,12,0.8572233156051097
23,13,0.8571127939474544
23,14,0.8571127939474544
23,15,0.8527654885885878
23,16,0.8480399721365999
23,17,0.8480399721365999
23,18,0.846512515226993
23,19,0.8430576101232212
23,20,0.8423916942330547
23,21,0.8363591974590389
23,22,0.8363591974590389
23,23,0.8363591974590389
23,24,0.8317790603253178
23,25,0.8317790603253178
23,26,0.8307356401843501
23,27,0.8293675240886016
23,28,0.8231685271737237
23,29,0.8231685271737237
23,30,0.8231685271737237
23,31,0.8231685271737237
23,32,0.8206176413194262
23,33,0.8206176413194262
23,34,0.8206176413194262
23,35,0.8206176413194262
23,36,0.8200836869169869
23,37,0.8179248508984186
23,38,0.8161603566444231
23,39,0.8117796419097236
23,40,0.8117796419097236
23,41,0.8117796419097236
23,42,0.8117796419097236
23,43,0.8117796419097236
23,44,0.8080678320218436
23,45,0.8080678320218436
23,46,0.8070691180662889
23,47,0.8070691180662889
23,48,0.8061160741134523
23,49,0.8061160741134523
23,50,0.7993696944637456
23,51,0.7965669684778083
23,52,0.7965669684778083
23,53,0.7965669684778083
23,54,0.7961306343200792
23,55,0.791678901708748
23,56,0.791678901708748
23,57,0.791678901708748
23,58,0.791678901708748
23,59,0.7891652314353225
23,60,0.7891652314353225
23,61,0.7887700065016648
23,62,0.78478253812784
23,63,0.78478253812784
23,64,0.78478253812784
23,65,0.78478253812784
23,66,0.7826862375545063
23,67,0.7818588919424142
23,68,0.7725346268345749
23,69,0.7725346268345749
23,70,0.7717688628033789
23,71,0.771179907289841
23,72,0.7641884519959058
23,73,0.7641884519959058
23,74,0.7641884519959058
23,75,0.7641884519959058
23,76,0.7621113311400189
23,77,0.7621113311400189
23,78,0.7571414149732538
23,79,0.7527884667508421
23,80,0.7527884667508421
23,81,0.7527884667508421
23,82,0.7527884667508421
23,83,0.7524540205769167
23,84,0.7487722694779345
23,85,0.7487722694779345
23,86,0.7487722694779345
23,87,0.7487722694779345
23,88,0.7487722694779345
23,89,0.7448180008523866
23,90,0.7448180008523866
23,91,0.7436256512286079
23,92,0.7421061335939204
23,93,0.7421061335939204
23,94,0.7421061335939204
23,95,0.7391753399851454
23,96,0.7353056554443208
23,97,0.7331636280651836
23,98,0.7331636280651836
23,99,0.7331636280651836
23,100,0.7296624605483181
24,0,0.8699569307822436
24,1,0.8699569307822436
24,2,0.8699569307822436
24,3,0.8699569307822436
24,4,0.8699569307822436
24,5,0.8699569307822436
24,6,0.8699569307822436
24,7,0.8688650422582955
24,8,0.8661092930678594
24,9,0.8661092930678594
24,10,0.8661092930678594
24,11,0.8661092930678594
24,12,0.8661092930678594
24,13,0.8656301898658313
24,14,0.863435541069101
24,15,0.862702335183888
24,16,0.862702335183888
24,17,0.8605950166896432
24,18,0.8593071017620256
24,19,0.8593071017620256
24,20,0.8562831512895063
24,21,0.8562831512895063
24,22,0.8552995715386876
24,23,0.8524730338108697
24,24,0.8524730338108697
24,25,0.8524730338108697
24,26,0.8524730338108697
24,27,0.8524730338108697
24,28,0.8496262511567942
24,29,0.8491797478109038
24,30,0.8491797478109038
24,31,0.8491797478109038
24,32,0.8414172067501994
24,33,0.8414172067501994
24,34,0.8414172067501994
24,35,0.8408813766101334
24,36,0.8408813766101334
24,37,0.8408813766101334
24,38,0.8408813766101334
24,39,0.8408813766101334
24,40,0.835276009932472
24,41,0.835276009932472
24,42,0.835276009932472
24,43,0.8284713219677444
24,44,0.8284713219677444
24,45,0.8278014694297402
24,46,0.8278014694297402
24,47,0.817983903000156
24,48,0.817983903000156
24,49,0.817983903000156
24,50,0.817983903000156
24,51,0.817983903000156
24,52,0.8136576734594324
24,53,0.8093012066482979
24,54,0.809065616316129
24,55,0.8038894145218244
24,56,0.8038894145218244
24,57,0.8038894145218244
24,58,0.802594527689238
24,59,0.7998164852827251
24,60,0.7982177874700586
24,61,0.7867233425167506
24,62,0.7867233425167506
24,63,0.7867233425167506
24,64,0.7867233425167506
24,65,0.7833679084891191
24,66,0.780842222610469
24,67,0.780842222610469
24,68,0.7774022714400417
24,69,0.7757610590619779
24,70,0.7757610590619779
24,71,0.770397005127263
24,72,0.770397005127263
24,73,0.770397005127263
24,74,0.770397005127263
24,75,0.7633538069577511
24,76,0.7577381692117771
24,77,0.7577381692117771
24,78,0.7573189013117938
24,79,0.7573189013117938
24,80,0.7485333412158508
24,81,0.7431762918902268
24,82,0.7431762918902268
24,83,0.7431762918902268
24,84,0.7418495358948566
24,85,0.7418495358948566
24,86,0.7418495358948566
24,87,0.7416722534450748
24,88,0.7416722534450748
24,89,0.7345251326564511
24,90,0.7345251326564511
24,91,0.7311143136410386
24,92,0.7311143136410386
24,93,0.7272775003458262
24,94,0.7272775003458262
24,95,0.7272775003458262
24,96,0.7272775003458262
24,97,0.7211154092465756
24,98,0.7200752519402186
24,99,0.7200752519402186
24,100,0.7200752519402186
25,0,0.8684402121145325
25,1,0.8684402121145325
25,2,0.8684402121145325
25,3,0.8684402121145325
25,4,0.8684402121145325
25,5,0.8651109775852868
25,6,0.8651109775852868
25,7,0.8651109775852868
25,8,0.8651109775852868
25,9,0.8651109775852868
25,10,0.8651109775852868
25,11,0.8651109775852868
25,12,0.8651109775852868
25,13,0.8633997947288532
25,14,0.857996290068997
25,15,0.857464701779056
25,16,0.8559786982849665
25,17,0.8506031271249664
25,18,0.8506031271249664
25,19,0.8506031271249664
25,20,0.8483456880693017
25,21,0.8478752079190804
25,22,0.8464557614415232
25,23,0.8436394669409463
25,24,0.8427733307452847
25,25,0.8427733307452847
25,26,0.8364678524987816
25,27,0.8364678524987816
25,28,0.8307541931871181
25,29,0.8307541931871181
25,30,0.8307541931871181
25,31,0.8276020743569137
25,32,0.8276020743569137
25,33,0.8265929677529467
25,34,0.8172649253683844
25,35,0.81650851382574
25,36,0.81650851382574
25,37,0.81650851382574
25,38,0.81650851382574
25,39,0.8150113213760134
25,40,0.8138440497970922
25,41,0.812150741068916
25,42,0.812150741068916
25,43,0.812150741068916
25,44,0.812150741068916
25,45,0.8077421197481102
25,46,0.8058948194284238
25,47,0.802698166316001
25,48,0.802698166316001
25,49,0.802698166316001
25,50,0.8022655010952657
25,51,0.8022655010952657
25,52,0.8022655010952657
25,53,0.8022655010952657
25,54,0.79753408994351
25,55,0.7946444766669768
25,56,0.7946444766669768
25,57,0.7946444766669768
25,58,0.7906378551479805
25,59,0.7900360771696097
25,60,0.7900360771696097
25,61,0.7895461573842374
25,62,0.7889867932518472
25,63,0.7873717851162468
25,64,0.7873717851162468
25,65,0.7677480201598712
25,66,0.7677480201598712
25,67,0.7677480201598712
25,68,0.7677480201598712
25,69,0.7677480201598712
25,70,0.7676156413952917
25,71,0.7676156413952917
25,72,0.7602596729432181
25,73,0.7602596729432181
25,74,0.7602596729432181
25,75,0.7537316330091447
25,76,0.7517149517077226
25,77,0.7423431035948012
25,78,0.7423431035948012
25,79,0.7423431035948012
25,80,0.7399097019059957
25,81,0.7399097019059957
25,82,0.7399097019059957
25,83,0.7397761022729368
25,84,0.7313728757187962
25,85,0.73056029505861
25,86,0.73056029505861
25,87,0.7279296453611093
25,88,0.7279296453611093
25,89,0.7269501155162275
25,90,0.722625679563501
25,91,0.722625679563501
25,92,0.722625679563501
25,93,0.7181419190264055
25,94,0.7181419190264055
25,95,0.7168758304186124
25,96,0.7136449377668278
25,97,0.7136449377668278
25,98,0.7106380682260222
25,99,0.7067763572577568
25,100,0.7038058434302993
26,0,0.8725714620552807
26,1,0.8725714620552807
26,2,0.8725714620552807
26,3,0.8691384067285199
26,4,0.8677584809675699
26,5,0.8624977051215447
26,6,0.8624977051215447
26,7,0.8624977051215447
26,8,0.8624977051215447
26,9,0.8623676381732842
26,10,0.8623127465203527
26,11,0.8623127465203527
26,12,0.8620361592826111
26,13,0.8592960019069428
26,14,0.8505032590103755
26,15,0.8505032590103755
26,16,0.8505032590103755
26,17,0.8435389531587424
26,18,0.8435389531587424
26,19,0.8435389531587424
26,20,0.8435389531587424
26,21,0.8435389531587424
26,22,0.842188361364476
26,23,0.835521361566649
26,24,0.835521361566649
26,25,0.8350222985248151
26,26,0.8344703345558292
26,27,0.8344703345558292
26,28,0.8344703345558292
26,29,0.8301457572858915
26,30,0.8262234199123547
26,31,0.8262234199123547
26,32,0.8262234199123547
26,33,0.8262234199123547
26,34,0.8203272484778845
26,35,0.8203272484778845
26,36,0.8194516596439035
26,37,0.8194516596439035
26,38,0.814851262122436
26,39,0.8136813026243035
26,40,0.8136813026243035
26,41,0.8126984549271111
26,42,0.8096477501536342
26,43,0.8096477501536342
26,44,0.808949124559867
26,45,0.8009695530394374
26,46,0.8009695530394374
26,47,0.8009695530394374
26,48,0.7957996459362106
26,49,0.7955982049747966
26,50,0.7955982049747966
26,51,0.7955982049747966
26,52,0.7955982049747966
26,53,0.7955982049747966
26,54,0.7837766477981767
26,55,0.7837766477981767
26,56,0.7837766477981767
26,57,0.7837766477981767
26,58,0.7763703778792834
26,59,0.7744564369959275
26,60,0.7744564369959275
26,61,0.7744564369959275
26,62,0.7744564369959275
26,63,0.7680330031731675
26,64,0.7680330031731675
26,65,0.7680330031731675
26,66,0.7639108172348843
26,67,0.7639108172348843
26,68,0.7639108172348843
26,69,0.7639108172348843
26,70,0.7639108172348843
26,71,0.7639108172348843
26,72,0.7594209462629761
26,73,0.7560515246073652
26,74,0.7560515246073652
26,75,0.7560515246073652
26,76,0.7516764070184699
26,77,0.7502069428147028
26,78,0.7493801940629659
26,79,0.7489410819553285
26,80,0.7489410819553285
26,81,0.7414730025393489
26,82,0.7414730025393489
26,83,0.7414730025393489
26,84,0.7414730025393489
26,85,0.7414730025393489
26,86,0.7414730025393489
26,87,0.7388025919515613
26,88,0.7388025919515613
26,89,0.7388025919515613
26,90,0.7388025919515613
26,91,0.7388025919515613
26,92,0.7380691562973731
26,93,0.734150541452874
26,94,0.734150541452874
26,95,0.7273888308266403
26,96,0.7260297254180277
26,97,0.7260297254180277
26,98,0.7260297254180277
26,99,0.7260297254180277
26,100,0.7248846635743003
27,0,0.8764966564504962
27,1,0.8764966564504962
27,2,0.8763729789448886
27,3,0.8758416621853393
27,4,0.8719026548979996
27,5,0.8670542117565857
27,6,0.8670542117565857
27,7,0.8652650918936222
27,8,0.8591875759285948
27,9,0.8591875759285948
27,10,0.8591875759285948
27,11,0.8591875759285948
27,12,0.8547600334707127
27,13,0.8524878457000092
27,14,0.8523953355851867
27,15,0.8523953355851867
27,16,0.8509055580205745
27,17,0.8508087466518365
27,18,0.850795138278166
27,19,0.850795138278166
27,20,0.8504249437242168
27,21,0.8450340400368646
27,22,0.8450340400368646
27,23,0.8442723798222005
27,24,0.8428898935649916
27,25,0.839155594015029
27,26,0.8281918073292435
27,27,0.8281918073292435
27,28,0.8281918073292435
27,29,0.8281918073292435
27,30,0.8261504071963692
27,31,0.8261504071963692
27,32,0.8261504071963692
27,33,0.8219367948664354
27,34,0.8180238040475533
27,35,0.8178508143657804
27,36,0.8178508143657804
27,37,0.8178508143657804
27,38,0.8156818649907407
27,39,0.8156818649907407
27,40,0.8141827245376827
27,41,0.813946895566034
27,42,0.8079057266676986
27,43,0.8054444177293598
27,44,0.8054444177293598
27,45,0.8054444177293598
27,46,0.8054444177293598
27,47,0.8007804637640781
27,48,0.8007804637640781
27,49,0.8007804637640781
27,50,0.8007804637640781
27,51,0.8007804637640781
27,52,0.8007804637640781
27,53,0.7989156492274364
27,54,0.7989156492274364
27,55,0.798579365848791
27,56,0.7911766455260523
27,57,0.7911766455260523
27,58,0.7850493207759467
27,59,0.7850493207759467
27,60,0.7850493207759467
27,61,0.7735424973781168
27,62,0.7735424973781168
27,63,0.7726522257571203
27,64,0.7607536380552645
27,65,0.7607536380552645
27,66,0.7607536380552645
27,67,0.7607536380552645
27,68,0.7607536380552645
27,69,0.7607536380552645
27,70,0.7607536380552645
27,71,0.7601378791292748
27,72,0.7589140942712953
27,73,0.7589140942712953
27,74,0.7589140942712953
27,75,0.758062645777865
27,76,0.7571876607515645
27,77,0.7571876607515645
27,78,0.7571876607515645
27,79,0.7560008536061984
27,80,0.7553288432520326
27,81,0.750165992430304
27,82,0.7484763087383656
27,83,0.7423049184711361
27,84,0.7423049184711361
27,85,0.7423049184711361
27,86,0.7423049184711361
27,87,0.7402675413069637
27,88,0.7402675413069637
27,89,0.7402675413069637
27,90,0.7402675413069637
27,91,0.737103711920481
27,92,0.737103711920481
27,93,0.737103711920481
27,94,0.7363458830850084
27,95,0.7363458830850084
27,96,0.7360345972028859
27,97,0.7346416956000547
27,98,0.7338891854838431
27,99,0.7269448355528331
27,100,0.7262703199507796
28,0,0.8741270947985175
28,1,0.8741270947985175
28,2,0.8719914321812237
28,3,0.8719914321812237
28,4,0.8719914321812237
28,5,0.8635827318217891
28,6,0.8635827318217891
28,7,0.8635827318217891
28,8,0.8624226897729392
28,9,0.8608987697961644
28,10,0.856371846413483
28,11,0.856371846413483
28,12,0.8545262470792296
28,13,0.8543300956233107
28,14,0.8543300956233107
28,15,0.8543300956233107
28,16,0.8505563927699208
28,17,0.8505563927699208
28,18,0.8465325075827268
28,19,0.8416661202172045
28,20,0.8416661202172045
28,21,0.838084718058728
28,22,0.838084718058728
28,23,0.838084718058728
28,24,0.838084718058728
28,25,0.8345744339373047
28,26,0.8303067314515635
28,27,0.8262476344670768
28,28,0.8262476344670768
28,29,0.8262476344670768
28,30,0.8262476344670768
28,31,0.8262476344670768
28,32,0.8249796186558153
28,33,0.8249796186558153
28,34,0.8249796186558153
28,35,0.8191756577406462
28,36,0.8191756577406462
28,37,0.8138646281282905
28,38,0.8138646281282905
28,39,0.8054409816988637
28,40,0.8046437905491027
28,41,0.8022872114082626
28,42,0.8022872114082626
28,43,0.8022872114082626
28,44,0.8008140295984277
28,45,0.797214306389641
28,46,0.7940208214860504
28,47,0.7916546329788656
28,48,0.7866765031991699
28,49,0.7866765031991699
28,50,0.7852808488152624
28,51,0.7852808488152624
28,52,0.7793179200086617
28,53,0.7793073745258384
28,54,0.7780205941115522
28,55,0.773192226975533
28,56,0.773192226975533
28,57,0.7710048993331534
28,58,0.7684132666888783
28,59,0.7684132666888783
28,60,0.7645533808462154
28,61,0.7627807129499075
28,62,0.7609063131823262
28,63,0.7609063131823262
28,64,0.7609063131823262
28,65,0.7609063131823262
28,66,0.7606583606804387
28,67,0.7585031126527101
28,68,0.7585031126527101
28,69,0.7585031126527101
28,70,0.7569477623185368
28,71,0.7495670988599638
28,72,0.7495670988599638
28,73,0.7468997756045614
28,74,0.7416285002865525
28,75,0.7416285002865525
28,76,0.7416285002865525
28,77,0.7416285002865525
28,78,0.7406054480627736
28,79,0.7406054480627736
28,80,0.7386957427087726
28,81,0.7386957427087726
28,82,0.7386957427087726
28,83,0.7373673518328072
28,84,0.735164052337881
28,85,0.735164052337881
28,86,0.7328098485966854
28,87,0.7328098485966854
28,88,0.7294369218664387
28,89,0.7294369218664387
28,90,0.7251909165576175
28,91,0.7251909165576175
28,92,0.7251909165576175
28,93,0.7173834136351138
28,94,0.7173834136351138
28,95,0.7173834136351138
28,96,0.7131797153507993
28,97,0.7131797153507993
28,98,0.7121199482799107
28,99,0.7121199482799107
28,100,0.7108711950426907
29,0,0.8687244589016484
29,1,0.8687244589016484
29,2,0.8687244589016484
29,3,0.8680964946788806
29,4,0.8628189791793625
29,5,0.8628189791793625
29,6,0.8628189791793625
29,7,0.8628189791793625
29,8,0.8628189791793625
29,9,0.8628189791793625
29,10,0.8584723328541757
29,11,0.8584723328541757
29,12,0.8521519964882835
29,13,0.8506656611332867
29,14,0.8506656611332867
29,15,0.8394293451775617
29,16,0.8344922271299127
29,17,0.8320081653623206
29,18,0.8320081653623206
29,19,0.8320081653623206
29,20,0.8271493523464339
29,21,0.8271493523464339
29,22,0.8271493523464339
29,23,0.827013219948824
29,24,0.8247100105223951
29,25,0.8247100105223951
29,26,0.8247100105223951
29,27,0.8213426316998351
29,28,0.8213426316998351
29,29,0.8078278312274233
29,30,0.8078278312274233
29,31,0.8078278312274233
29,32,0.8030418117003009
29,33,0.8022330064886708
29,34,0.7955203066928418
29,35,0.7954005053509751
29,36,0.7954005053509751
29,37,0.7954005053509751
29,38,0.7954005053509751
29,39,0.7897913598664783
29,40,0.7897913598664783
29,41,0.7897913598664783
29,42,0.7897913598664783
29,43,0.7845431871330606
29,44,0.7835055832384376
29,45,0.7835055832384376
29,46,0.7805817408062679
29,47,0.7805817408062679
29,48,0.7805817408062679
29,49,0.7780545744193533
29,50,0.7780545744193533
29,51,0.7713348627124821
29,52,0.7713348627124821
29,53,0.7713348627124821
29,54,0.770813107498737
29,55,0.7665127897793645
29,56,0.7627783240982654
29,57,0.7627783240982654
29,58,0.7627783240982654
29,59,0.7590217168996737
29,60,0.7590217168996737
29,61,0.7590217168996737
29,62,0.7590217168996737
29,63,0.7590217168996737
29,64,0.75775666593139
29,65,0.75775666593139
29,66,0.7539428909438871
29,67,0.7539428909438871
29,68,0.7538227807372447
29,69,0.7538227807372447
29,70,0.7452625838516056
29,71,0.7452625838516056
29,72,0.7452625838516056
29,73,0.7452625838516056
29,74,0.7433403826933016
29,75,0.7433403826933016
29,76,0.7426712490218376
29,77,0.7426712490218376
29,78,0.7426712490218376
29,79,0.7338513933044094
29,80,0.7338513933044094
29,81,0.7338513933044094
29,82,0.7338513933044094
29,83,0.7338513933044094
29,84,0.7338513933044094
29,85,0.7338513933044094
29,86,0.7336479943418142
29,87,0.7309506876945191
29,88,0.7245191195556698
29,89,0.7245191195556698
29,90,0.7241924487652307
29,91,0.7241924487652307
29,92,0.7227381347238372
29,93,0.7227381347238372
29,94,0.7221647117373687
29,95,0.7201683627150739
29,96,0.7171054370534804
29,97,0.7146112872874038
29,98,0.7146112872874038
29,99,0.7146112872874038
29,100,0.7131803913024347
30,0,0.8683790048514932
30,1,0.8683790048514932
30,2,0.8677542746745551
30,3,0.8677542746745551
30,4,0.8677542746745551
30,5,0.8677542746745551
30,6,0.8657845069236144
30,7,0.8628670800508186
30,8,0.8628670800508186
30,9,0.8597860357147828
30,10,0.8597860357147828
30,11,0.8572426068190085
30,12,0.8551662176677549
30,13,0.8530366609754099
30,14,0.8530366609754099
30,15,0.8528959331902853
30,16,0.8481688824344237
30,17,0.8481688824344237
30,18,0.8481688824344237
30,19,0.8481688824344237
30,20,0.8426666330478176
30,21,0.841928892244992
30,22,0.841928892244992
30,23,0.841928892244992
30,24,0.8407912204936064
30,25,0.8407912204936064
30,26,0.8377761219253956
30,27,0.8377761219253956
30,28,0.8336577533747702
30,29,0.8336577533747702
30,30,0.8336577533747702
30,31,0.8336577533747702
30,32,0.8269022312183126
30,33,0.8269022312183126
30,34,0.8269022312183126
30,35,0.8267627175630567
30,36,0.8255432674446752
30,37,0.8214442135336919
30,38,0.8214442135336919
30,39,0.816213537696914
30,40,0.816213537696914
30,41,0.816084682304963
30,42,0.8112232047338985
30,43,0.8112232047338985
30,44,0.8112232047338985
30,45,0.8112232047338985
30,46,0.8112232047338985
30,47,0.797900339200025
30,48,0.797900339200025
30,49,0.797900339200025
30,50,0.797900339200025
30,51,0.7966223984474929
30,52,0.7966223984474929
30,53,0.7966223984474929
30,54,0.7966223984474929
30,55,0.7966223984474929
30,56,0.7966223984474929
30,57,0.7957278247236906
30,58,0.7957278247236906
30,59,0.7957278247236906
30,60,0.7951259694517779
30,61,0.7949280174976301
30,62,0.7879439186663406
30,63,0.7793772691432133
30,64,0.7790129162729937
30,65,0.7790129162729937
30,66,0.7760497303085289
30,67,0.7760497303085289
30,68,0.7721504968054741
30,69,0.7655753684547641
30,70,0.7655753684547641
30,71,0.763413927031206
30,72,0.763413927031206
30,73,0.763413927031206
30,74,0.7604799070773647
30,75,0.7586085220468336
30,76,0.7492515150956829
30,77,0.7454829758635332
30,78,0.7454829758635332
30,79,0.7454829758635332
30,80,0.7382932612951918
30,81,0.7382932612951918
30,82,0.7382932612951918
30,83,0.7382932612951918
30,84,0.7333391110614023
30,85,0.7333391110614023
30,86,0.7332331842758341
30,87,0.730285177754507
30,88,0.7248900351389744
30,89,0.721679774309913
30,90,0.721679774309913
30,91,0.721679774309913
30,92,0.721679774309913
30,93,0.721679774309913
30,94,0.721679774309913
30,95,0.7191164314117847
30,96,0.7191164314117847
30,97,0.7123362837006436
30,98,0.7058749473643556
30,99,0.7058749473643556
30,100,0.7058749473643556
